Temperature,Relative Humidity,DNI,DHI,Wind Speed,Pressure,Predicted_GHI
25,45,600,100,2.5,1010,335.9524
28,50,750,120,3.0,1012,570.65234
30,55,800,130,2.8,1011,717.79974
32,60,850,110,3.2,1009,728.015
29,50,780,115,2.9,1013,611.8693
27,48,700,105,2.7,1011,451.23996
26,47,680,95,2.6,1012,387.96207
31,52,820,125,3.1,1010,748.7951
33,58,870,140,3.3,1008,967.6595
28,49,730,110,2.8,1012,513.69086
